[
{
  "model": "store.profile",
  "pk": 1,
  "fields": {
    "user": 1,
    "date_modified": "2024-03-06T17:42:40.697Z",
    "phone": "(123) 123-1234",
    "address1": "10 West Elms",
    "address2": "",
    "city": "Las Vegas",
    "state": "NV",
    "zipcode": "89129",
    "country": "USA",
    "old_cart": ""
  }
},
{
  "model": "store.profile",
  "pk": 7,
  "fields": {
    "user": 7,
    "date_modified": "2024-03-27T16:09:48.478Z",
    "phone": "",
    "address1": "",
    "address2": "",
    "city": "",
    "state": "",
    "zipcode": "",
    "country": "",
    "old_cart": "{\"3\": 1}"
  }
},
{
  "model": "store.profile",
  "pk": 8,
  "fields": {
    "user": 8,
    "date_modified": "2025-09-02T08:35:57.137Z",
    "phone": "",
    "address1": "",
    "address2": "",
    "city": "",
    "state": "",
    "zipcode": "",
    "country": "",
    "old_cart": "{}"
  }
},
{
  "model": "store.profile",
  "pk": 9,
  "fields": {
    "user": 9,
    "date_modified": "2025-09-02T15:54:37.290Z",
    "phone": "09936137623",
    "address1": "Canaman, Camarines Sur",
    "address2": "Virac, Catanduanes",
    "city": "Canaman",
    "state": "Camarines sur",
    "zipcode": "4402",
    "country": "Philippines",
    "old_cart": "{}"
  }
},
{
  "model": "store.profile",
  "pk": 10,
  "fields": {
    "user": 10,
    "date_modified": "2025-09-22T20:17:47.519Z",
    "phone": "",
    "address1": "",
    "address2": "",
    "city": "",
    "state": "",
    "zipcode": "",
    "country": "",
    "old_cart": null
  }
},
{
  "model": "store.profile",
  "pk": 11,
  "fields": {
    "user": 11,
    "date_modified": "2025-09-22T23:37:55.591Z",
    "phone": "09936137623",
    "address1": "Canaman, Camarines Sur",
    "address2": "Virac, Catanduanes",
    "city": "Canaman",
    "state": "Camarines sur",
    "zipcode": "4402",
    "country": "Philippines",
    "old_cart": ""
  }
},
{
  "model": "store.profile",
  "pk": 12,
  "fields": {
    "user": 12,
    "date_modified": "2025-12-28T05:40:35.768Z",
    "phone": "",
    "address1": "",
    "address2": "",
    "city": "",
    "state": "",
    "zipcode": "",
    "country": "",
    "old_cart": ""
  }
},
{
  "model": "store.category",
  "pk": 4,
  "fields": {
    "name": "Pistol"
  }
},
{
  "model": "store.category",
  "pk": 5,
  "fields": {
    "name": "Katana"
  }
},
{
  "model": "store.category",
  "pk": 6,
  "fields": {
    "name": "Cannon"
  }
},
{
  "model": "store.category",
  "pk": 7,
  "fields": {
    "name": "Cross"
  }
},
{
  "model": "store.category",
  "pk": 8,
  "fields": {
    "name": "Greatsword"
  }
},
{
  "model": "store.category",
  "pk": 9,
  "fields": {
    "name": "Gauntlet"
  }
},
{
  "model": "store.category",
  "pk": 10,
  "fields": {
    "name": "Scythe"
  }
},
{
  "model": "store.category",
  "pk": 11,
  "fields": {
    "name": "Lance"
  }
},
{
  "model": "store.category",
  "pk": 12,
  "fields": {
    "name": "Bow"
  }
},
{
  "model": "store.category",
  "pk": 13,
  "fields": {
    "name": "Chakram"
  }
},
{
  "model": "store.category",
  "pk": 20,
  "fields": {
    "name": "Default"
  }
},
{
  "model": "store.customer",
  "pk": 2,
  "fields": {
    "first_name": "Dev",
    "last_name": "Tester",
    "phone": "0000000000",
    "email": "dev@example.com",
    "password": ""
  }
},
{
  "model": "store.product",
  "pk": 11,
  "fields": {
    "name": "Domain of Sanction",
    "price": 1249,
    "category": 5,
    "description": "A divine sword forged with the authority of judgment. Its radiant blade channels raw energy to strike down foes with unmatched precision, embodying both elegance and destructive power. Perfect for those who seek dominance on the battlefield.",
    "image": "uploads/product/802b4d2b13fa0f7f337317674f82620e.png",
    "is_sale": false,
    "sale_price": "0.00"
  }
},
{
  "model": "store.product",
  "pk": 12,
  "fields": {
    "name": "Domain of Genesis",
    "price": 1679,
    "category": 4,
    "description": "Channel the power of Finality with Domain of Genesis—dual pistols forged from the essence of Fire and Time. Their active unleashes a blazing barrage, leaving foes aflame and unable to resist, while stance transitions reward mastery.",
    "image": "uploads/product/image_3.png",
    "is_sale": false,
    "sale_price": "0.00"
  }
},
{
  "model": "store.product",
  "pk": 13,
  "fields": {
    "name": "Domain of Incandescence",
    "price": 1549,
    "category": 4,
    "description": "Master the inferno. These blazing pistols summon a fiery tempest upon the battlefield, blasting enemies into cinders before erupting in a final, cataclysmic burst.",
    "image": "uploads/product/aad01ac1544986b2fb987a18af4738ee.png",
    "is_sale": false,
    "sale_price": "0.00"
  }
},
{
  "model": "store.product",
  "pk": 14,
  "fields": {
    "name": "Domain of the Void",
    "price": 2499,
    "category": 4,
    "description": "A cosmic weapon forged in the Foundry, these dual pistols harness the Herrscher of the Void’s powers. Each implosion shatters reality—tearing foes apart, restoring Herrscher Charge, and crushing shields with spatial devastation.",
    "image": "uploads/product/b1f7b4a7875bcbf581f63d8227447268.png",
    "is_sale": false,
    "sale_price": "0.00"
  }
},
{
  "model": "store.product",
  "pk": 15,
  "fields": {
    "name": "Tranquil Rhapsody",
    "price": 1999,
    "category": 4,
    "description": "Step into Nightwalk—vanish from sight, then unleash a devastating shadow leap that freezes enemies in your wake. A true dominator of darkness.",
    "image": "uploads/product/image_5.png",
    "is_sale": false,
    "sale_price": "0.00"
  }
},
{
  "model": "store.product",
  "pk": 16,
  "fields": {
    "name": "Echo of Paradise: Time Ruins",
    "price": 3499,
    "category": 4,
    "description": "These crimson flintlocks crack with the power of time itself, striking foes with electrifying resonance—and igniting your team's synergy in a blaze of lightning.",
    "image": "uploads/product/image_4.png",
    "is_sale": true,
    "sale_price": "2499.00"
  }
},
{
  "model": "store.product",
  "pk": 17,
  "fields": {
    "name": "Frozen Naraka",
    "price": 3199,
    "category": 5,
    "description": "This frost-encased blade surrounds you with a chilling aura of invulnerability and slows all who dare approach—then delivers a devastating final strike to freeze and finish them.",
    "image": "uploads/product/e775cae420e8aed6f1e8219db27426cb.png",
    "is_sale": false,
    "sale_price": "0.00"
  }
},
{
  "model": "store.product",
  "pk": 18,
  "fields": {
    "name": "Domain of Unity",
    "price": 5499,
    "category": 5,
    "description": "“Empty your heart; let your blade bind all as one.” Each electrifying slash shields you in lightning—then fractures time itself, freezing enemies as you stand unbreakable at the heart of the storm.",
    "image": "uploads/product/image_6.png",
    "is_sale": false,
    "sale_price": "0.00"
  }
},
{
  "model": "store.product",
  "pk": 19,
  "fields": {
    "name": "Star Destroyer 19C-X",
    "price": 1299,
    "category": 6,
    "description": "“Unleash the wrath of cold malice across the battlefield.” Charge into barrage mode and rain down a hail of homing missiles. Each salvo shatters defenses, intensifies your resolve, and tears enemies apart with mounting fury.",
    "image": "uploads/product/Star_Destroyer_19C-X_29.webp",
    "is_sale": false,
    "sale_price": "0.00"
  }
},
{
  "model": "store.product",
  "pk": 20,
  "fields": {
    "name": "Falcon Flare: FINAL",
    "price": 4999,
    "category": 6,
    "description": "“Let frozen fury take flight and consume all.” Unleash a chilling barrage that warps space with each shot. Ignite icy implosions, shatter barriers, and bind your foes in the cold breath of annihilation.",
    "image": "uploads/product/Falcon_Flare_-_FINAL_29.webp",
    "is_sale": true,
    "sale_price": "1599.00"
  }
},
{
  "model": "store.product",
  "pk": 21,
  "fields": {
    "name": "Tower of the Past: Silk Ladder",
    "price": 3599,
    "category": 6,
    "description": "“From the ruins of Babel rises a fragile thread—woven with defiance.” Lock enemies in place as you unleash fiery cluster bombs and devastating bursts. Pierce through chaos, slow their resolve, and let your inferno bind and burn them where they stand.",
    "image": "uploads/product/Tower_of_the_Past_-_Silk_Ladder_29.webp",
    "is_sale": false,
    "sale_price": "0.00"
  }
},
{
  "model": "store.product",
  "pk": 22,
  "fields": {
    "name": "Hekate's Sombre",
    "price": 3499,
    "category": 7,
    "description": "“Dark blades rain from the abyss—obliterate all beneath the twilight.” Unleash a celestial storm of blades that devastate your foes, while summoning an ethereal cross that becomes the harbinger of relentless physical carnage.",
    "image": "uploads/product/Hekate28629.webp",
    "is_sale": false,
    "sale_price": "0.00"
  }
},
{
  "model": "store.product",
  "pk": 23,
  "fields": {
    "name": "Basilisk's Image: Deathshroud",
    "price": 1999,
    "category": 7,
    "description": "“From the serpent’s shadow, time itself coils in your command.” Summon a serpent domain that ensnares your foes—marked prey fall to crackling combo strikes, lightning surges, and frozen resolve.",
    "image": "uploads/product/Basilisk28629.webp",
    "is_sale": true,
    "sale_price": "999.00"
  }
},
{
  "model": "store.product",
  "pk": 24,
  "fields": {
    "name": "Shuhadaku of Uriel",
    "price": 7999,
    "category": 8,
    "description": "“When the heavens burn, only void remains.” Wield the inferno of divine destruction—each charged slash sears through reality, igniting your foes while life slips away, and transforming pain into apocalyptic power.",
    "image": "uploads/product/Shuhadaku_of_Uriel_29.webp",
    "is_sale": false,
    "sale_price": "0.00"
  }
},
{
  "model": "store.product",
  "pk": 25,
  "fields": {
    "name": "Surtr Muspellsverd",
    "price": 7499,
    "category": 8,
    "description": "“Wield the flame of gods—as Ragnarok unfolds, Asgard burns in its wake.” Sacrifice your lifeforce to summon blazing fury: ignite enemies, forge a protective shield, and unleash relentless firepower that scorches both enemy and destiny.",
    "image": "uploads/product/Surtr_Muspellsverd_29.webp",
    "is_sale": false,
    "sale_price": "0.00"
  }
},
{
  "model": "store.product",
  "pk": 26,
  "fields": {
    "name": "Labor of Olympus",
    "price": 4999,
    "category": 8,
    "description": "“Wield the trial of gods—harness celestial wrath at the cost of mortal will.” This experimental blade absorbs ambient Honkai energy, unlocking blazing power: during Burst or after Ultimates, every strike burns foes with divine fire.",
    "image": "uploads/product/Labor_of_Olympus_29.webp",
    "is_sale": false,
    "sale_price": "0.00"
  }
},
{
  "model": "store.product",
  "pk": 27,
  "fields": {
    "name": "Cosmic Duality",
    "price": 2999,
    "category": 9,
    "description": "“Balance the cosmic scales—heal, heal again, and empower your allies through the echoes of Yin and Yang.” These gauntlets restore health and SP with each pulse, while weaving elemental synergy—ignite your power, then ignite your team’s potential.",
    "image": "uploads/product/Cosmic_Duality_29.webp",
    "is_sale": false,
    "sale_price": "0.00"
  }
},
{
  "model": "store.product",
  "pk": 28,
  "fields": {
    "name": "Iris of Helheim",
    "price": 3699,
    "category": 10,
    "description": "“Channel the mourning mist—resurrect power from death itself.” Unleash soul-draining haze that elevates Fallen Rosemary’s might. Summon runes, pause time, and bathe enemies in electrifying sorrow.",
    "image": "uploads/product/Iris_of_Helheim_29.webp",
    "is_sale": false,
    "sale_price": "0.00"
  }
},
{
  "model": "store.product",
  "pk": 29,
  "fields": {
    "name": "Sanguine Gaze: Union",
    "price": 6499,
    "category": 10,
    "description": "“When you gaze into the abyss, the abyss returns the stare—united, they consume.” Harness the abyssal pull of chain claws: drag enemies to you or rush to them with lethal slashes that restore your Carmine Gash and weave into your final strike.",
    "image": "uploads/product/Sanguine_Gaze_-_Union_29.webp",
    "is_sale": true,
    "sale_price": "4999.00"
  }
},
{
  "model": "store.product",
  "pk": 30,
  "fields": {
    "name": "Lance of Longinus",
    "price": 9999,
    "category": 11,
    "description": "A sacred spear crafted from the Tree of Life. Its thrust births celestial control—forcing foes into helpless submission and unleashing coordinated counter-strikes that cleave through shields and ignite divine retribution.",
    "image": "uploads/product/Lance_of_Longinus_29.webp",
    "is_sale": false,
    "sale_price": "0.00"
  }
},
{
  "model": "store.product",
  "pk": 31,
  "fields": {
    "name": "Abyss Flower: Liminal Spiral",
    "price": 4999,
    "category": 11,
    "description": "“Where creation and destruction entwine, the divine lance blooms”—each strike balances healing and devastation through the spiral of fate.",
    "image": "uploads/product/Abyss_Flower_-_Liminal_Spiral_29.webp",
    "is_sale": false,
    "sale_price": "0.00"
  }
},
{
  "model": "store.product",
  "pk": 32,
  "fields": {
    "name": "Mitternachts Waltz",
    "price": 2499,
    "category": 12,
    "description": "Strike true with lightning-tipped arrows. Each hit ignites swirling energy that empowers your team’s elemental skills and fuels your relentless rhythm of attacks.",
    "image": "uploads/product/Mitternachts_Waltz_29.webp",
    "is_sale": false,
    "sale_price": "0.00"
  }
},
{
  "model": "store.product",
  "pk": 33,
  "fields": {
    "name": "Purana Phantasma: Nighteye",
    "price": 5999,
    "category": 13,
    "description": "Awaken the frost—let spectral crystals bind the battlefield in icy dominance, with the silent grace of a hunting cat",
    "image": "uploads/product/Purana_Phantasma_-_Nighteye_29.webp",
    "is_sale": true,
    "sale_price": "4499.00"
  }
},
{
  "model": "store.product",
  "pk": 34,
  "fields": {
    "name": "Lost Conviction: Damnation",
    "price": 7499,
    "category": 13,
    "description": "Four lightning butterflies circle the wielder, striking enemies with relentless precision. Each surge amplifies your control of the battlefield, binding power and punishment as one.",
    "image": "uploads/product/Lost_Conviction_-_Damnation_29.webp",
    "is_sale": false,
    "sale_price": "0.00"
  }
},
{
  "model": "payment.shippingaddress",
  "pk": 4,
  "fields": {
    "user": 9,
    "shipping_full_name": "Jancent Arlante",
    "shipping_email": "jancent435@gmail.com",
    "shipping_address1": "Canaman, Camarines Sur",
    "shipping_address2": "Virac, Catanduanes",
    "shipping_city": "Canaman",
    "shipping_state": "Camarines sur",
    "shipping_zipcode": "4402",
    "shipping_country": "Philippines"
  }
},
{
  "model": "payment.shippingaddress",
  "pk": 5,
  "fields": {
    "user": 10,
    "shipping_full_name": "",
    "shipping_email": "",
    "shipping_address1": "",
    "shipping_address2": null,
    "shipping_city": "",
    "shipping_state": null,
    "shipping_zipcode": null,
    "shipping_country": ""
  }
},
{
  "model": "payment.shippingaddress",
  "pk": 6,
  "fields": {
    "user": 11,
    "shipping_full_name": "Jancent Arlante",
    "shipping_email": "jancent435@gmail.com",
    "shipping_address1": "Canaman, Camarines Sur",
    "shipping_address2": "Virac, Catanduanes",
    "shipping_city": "Canaman",
    "shipping_state": "Camarines sur",
    "shipping_zipcode": "4402",
    "shipping_country": "Philippines"
  }
},
{
  "model": "payment.shippingaddress",
  "pk": 7,
  "fields": {
    "user": 12,
    "shipping_full_name": "",
    "shipping_email": "",
    "shipping_address1": "",
    "shipping_address2": null,
    "shipping_city": "",
    "shipping_state": null,
    "shipping_zipcode": null,
    "shipping_country": ""
  }
},
{
  "model": "payment.order",
  "pk": 11,
  "fields": {
    "user": null,
    "full_name": "Jancent Arlante",
    "email": "jancent435@gmail.com",
    "shipping_address": "Canaman, Camarines Sur\nVirac, Catanduanes\nCanaman\nCamarines sur\n4402\nPhilippines",
    "amount_paid": "3748.00",
    "date_ordered": "2025-09-22T20:06:09.691Z",
    "shipped": true,
    "date_shipped": "2025-12-28T13:58:45.771Z"
  }
},
{
  "model": "payment.order",
  "pk": 12,
  "fields": {
    "user": null,
    "full_name": "Jancent Arlante",
    "email": "jancent435@gmail.com",
    "shipping_address": "Canaman, Camarines Sur\nVirac, Catanduanes\nCanaman\nCamarines sur\n4402\nPhilippines",
    "amount_paid": "1249.00",
    "date_ordered": "2025-09-22T20:12:08.243Z",
    "shipped": true,
    "date_shipped": "2025-12-28T15:00:44.793Z"
  }
},
{
  "model": "payment.order",
  "pk": 13,
  "fields": {
    "user": null,
    "full_name": "Jancent Arlante",
    "email": "jancent435@gmail.com",
    "shipping_address": "Canaman, Camarines Sur\nVirac, Catanduanes\nCanaman\nCamarines sur\n4402\nPhilippines",
    "amount_paid": "3198.00",
    "date_ordered": "2025-09-22T20:56:10.574Z",
    "shipped": false,
    "date_shipped": null
  }
},
{
  "model": "payment.order",
  "pk": 14,
  "fields": {
    "user": null,
    "full_name": "Jancent Arlante",
    "email": "jancent43521@gmail.com",
    "shipping_address": "amen\nwew\nuhh\nyes\n1234\nsikirt",
    "amount_paid": "4499.00",
    "date_ordered": "2025-09-22T23:24:40.374Z",
    "shipped": false,
    "date_shipped": null
  }
},
{
  "model": "payment.order",
  "pk": 15,
  "fields": {
    "user": 11,
    "full_name": "Jancent Arlante",
    "email": "jancent435@gmail.com",
    "shipping_address": "Canaman, Camarines Sur\nVirac, Catanduanes\nCanaman\nCamarines sur\n4402\nPhilippines",
    "amount_paid": "2499.00",
    "date_ordered": "2025-09-22T23:38:33.060Z",
    "shipped": false,
    "date_shipped": null
  }
},
{
  "model": "payment.order",
  "pk": 16,
  "fields": {
    "user": 11,
    "full_name": "Jancent Arlante",
    "email": "jancent435@gmail.com",
    "shipping_address": "Canaman, Camarines Sur\nVirac, Catanduanes\nCanaman\nCamarines sur\n4402\nPhilippines",
    "amount_paid": "1249.00",
    "date_ordered": "2025-09-30T01:57:56.547Z",
    "shipped": false,
    "date_shipped": null
  }
},
{
  "model": "payment.order",
  "pk": 17,
  "fields": {
    "user": 11,
    "full_name": "Jancent Arlante",
    "email": "jancent435@gmail.com",
    "shipping_address": "Canaman, Camarines Sur\nVirac, Catanduanes\nCanaman\nCamarines sur\n4402\nPhilippines",
    "amount_paid": "4477.00",
    "date_ordered": "2025-12-28T05:33:37.860Z",
    "shipped": false,
    "date_shipped": null
  }
},
{
  "model": "payment.order",
  "pk": 18,
  "fields": {
    "user": 12,
    "full_name": "Jancent Arlante",
    "email": "jancent43521@gmail.com",
    "shipping_address": "Canaman, Camarines Sur\nVirac, Catanduanes\nCanaman\nCamarines sur\n4402\nPhilippines",
    "amount_paid": "1249.00",
    "date_ordered": "2025-12-28T07:03:24.666Z",
    "shipped": false,
    "date_shipped": null
  }
},
{
  "model": "payment.orderitem",
  "pk": 15,
  "fields": {
    "order": 11,
    "product": 11,
    "user": null,
    "quantity": 1,
    "price": "1249.00"
  }
},
{
  "model": "payment.orderitem",
  "pk": 16,
  "fields": {
    "order": 11,
    "product": 16,
    "user": null,
    "quantity": 1,
    "price": "2499.00"
  }
},
{
  "model": "payment.orderitem",
  "pk": 17,
  "fields": {
    "order": 12,
    "product": 11,
    "user": null,
    "quantity": 1,
    "price": "1249.00"
  }
},
{
  "model": "payment.orderitem",
  "pk": 18,
  "fields": {
    "order": 13,
    "product": 20,
    "user": null,
    "quantity": 2,
    "price": "1599.00"
  }
},
{
  "model": "payment.orderitem",
  "pk": 19,
  "fields": {
    "order": 14,
    "product": 33,
    "user": null,
    "quantity": 1,
    "price": "4499.00"
  }
},
{
  "model": "payment.orderitem",
  "pk": 20,
  "fields": {
    "order": 15,
    "product": 16,
    "user": 11,
    "quantity": 1,
    "price": "2499.00"
  }
},
{
  "model": "payment.orderitem",
  "pk": 21,
  "fields": {
    "order": 16,
    "product": 11,
    "user": 11,
    "quantity": 1,
    "price": "1249.00"
  }
},
{
  "model": "payment.orderitem",
  "pk": 22,
  "fields": {
    "order": 17,
    "product": 11,
    "user": 11,
    "quantity": 1,
    "price": "1249.00"
  }
},
{
  "model": "payment.orderitem",
  "pk": 23,
  "fields": {
    "order": 17,
    "product": 12,
    "user": 11,
    "quantity": 1,
    "price": "1679.00"
  }
},
{
  "model": "payment.orderitem",
  "pk": 24,
  "fields": {
    "order": 17,
    "product": 13,
    "user": 11,
    "quantity": 1,
    "price": "1549.00"
  }
},
{
  "model": "payment.orderitem",
  "pk": 25,
  "fields": {
    "order": 18,
    "product": 11,
    "user": 12,
    "quantity": 1,
    "price": "1249.00"
  }
}
]
